"Message ID";"Date";"Author";"Type";"Run";"DAQ Name";"Good";"Problem Type";"Beam";"Energy";"Particles";"Attenuator upstream";"Attenuator downstream";"Source";"Gaz";"Scintillator";"Dif_Scintillator";"Tcherenkov";"Dif_Tcherenkov";"Position Bati X";"Position Bati Y";"Position Bati Z";"Number Dif";"Dif_Id1";"Position1 Z";"Type1";"HV1";"Gas Channel1";"HV Channel1";"Dif_Id2";"Position2 Z";"Type2";"HV2";"Gas Channel2";"HV Channel2";"Dif_Id3";"Position3 Z";"Type3";"HV3";"Gas Channel3";"HV Channel3";"Dif_Id4";"Position4 Z";"Type4";"HV4";"Gas Channel4";"HV Channel4";"Dif_Id5";"Position5 Z";"Type5";"HV5";"Gas Channel5";"HV Channel5";"Dif_Id6";"Position6 Z";"Type6";"HV6";"Gas Channel6";"HV Channel6";"Dif_Id7";"Position7 Z";"Type7";"HV7";"Gas Channel7";"HV Channel7";"Dif_Id8";"Position8 Z";"Type8";"HV8";"Gas Channel8";"HV Channel8";"Dif_Id9";"Position9 Z";"Type9";"HV9";"Gas Channel9";"HV Channel9"
87;Tue  04 Oct 2016 09:43:32 +0200;"DAQ";"Data";"733585";"GIFPP_OYONAX_12";"Not Set";;"Not Set";;;;;"Not Set";"CMS";"Not Set";;"No";;;;;"Six";"16";"150";"Unknown";"Not Set";;;"32";"160";"Unknown";"Not Set";;;"216";"180";"Unknown";"Not Set";;;"28";"200";"Unknown";"Not Set";;;"29";"200";"Unknown";"Not Set";;;"30";"200";"Unknown";"Not Set";;;;;;;;;;;;;;;;;;;;
88;Tue  04 Oct 2016 09:58:48 +0200;"DAQ";"Data";"733586";"GIFPP_OYONAX_12";"Not Set";;"Not Set";;;;;"Not Set";"CMS";"Not Set";;"No";;;;;"Six";"16";"150";"Unknown";"Not Set";;;"32";"160";"Unknown";"Not Set";;;"216";"180";"Unknown";"Not Set";;;"28";"200";"Unknown";"Not Set";;;"29";"200";"Unknown";"Not Set";;;"30";"200";"Unknown";"Not Set";;;;;;;;;;;;;;;;;;;;
89;Tue  04 Oct 2016 10:10:54 +0200;"DAQ";"Data";"733587";"GIFPP_OYONAX_12";"Not Set";;"Not Set";;;;;"Not Set";"CMS";"Not Set";;"No";;;;;"Six";"16";"150";"Unknown";"Not Set";;;"32";"160";"Unknown";"Not Set";;;"216";"180";"Unknown";"Not Set";;;"28";"200";"Unknown";"Not Set";;;"29";"200";"Unknown";"Not Set";;;"30";"200";"Unknown";"Not Set";;;;;;;;;;;;;;;;;;;;
90;Tue  04 Oct 2016 18:53:19 +0200;"DAQ";"Data";"733588";"GIFPP_OYONAX_12";"Not Set";;"Not Set";;;;;"Not Set";"CMS";"Not Set";;"No";;;;;"Six";"16";"150";"Unknown";"Not Set";;;"32";"160";"Unknown";"Not Set";;;"216";"180";"Unknown";"Not Set";;;"28";"200";"Unknown";"Not Set";;;"29";"200";"Unknown";"Not Set";;;"30";"200";"Unknown";"Not Set";;;;;;;;;;;;;;;;;;;;
91;Wed  05 Oct 2016 03:23:00 +0200;"Maxime Gouzevitch";"Comments";;;;;;;;;;;;;;;;;;;;;;;;;;;;;;;;;;;;;;;;;;;;;;;;;;;;;;;;;;;;;;;;;;;;;;;;;
92;Wed  05 Oct 2016 10:28:14 +0200;"DAQ";"Data";"733589";"GIFPP_OYONAX_12";"Not Set";;"Not Set";;;;;"OFF";"CMS";"Not Set";;"No";;;;;"Six";"16";"150";"Unknown";"7000";;;"32";"160";"Unknown";"7000";;;"216";"180";"Unknown";"7000";;;"28";"200";"Unknown";"7000";;;"29";"200";"Unknown";"7000";;;"30";"200";"Unknown";"7000";;;;;;;;;;;;;;;;;;;;
93;Wed  05 Oct 2016 10:36:14 +0200;"DAQ";"Data";"733590";"GIFPP_OYONAX_12";"Not Set";;"Not Set";;;;;"OFF";"CMS";"Not Set";;"No";;;;;"Six";"16";"150";"Unknown";"7000";;;"32";"160";"Unknown";"7000";;;"216";"180";"Unknown";"7000";;;"28";"200";"Unknown";"7000";;;"29";"200";"Unknown";"7000";;;;;;"7000";;;;;;;;;;;;;;;;;;;;
94;Wed  05 Oct 2016 12:01:02 +0200;"DAQ";"Data";"733591";"GIFPP_OYONAX_12";"Not Set";;"Not Set";;;;;"Not Set";"CMS";"Not Set";;"No";;;;;"Six";"16";"150";"Unknown";"Not Set";;;"32";"160";"Unknown";"Not Set";;;"216";"180";"Unknown";"Not Set";;;"28";"200";"Unknown";"Not Set";;;"29";"200";"Unknown";"Not Set";;;"30";"200";"Unknown";"Not Set";;;;;;;;;;;;;;;;;;;;
95;Wed  05 Oct 2016 15:29:43 +0200;"DAQ";"Data";"733592";"GIFPP_OYONAX_12";"Not Set";;"Not Set";;;;;"Not Set";"CMS";"Not Set";;"No";;;;;"Six";"16";"150";"Unknown";"Not Set";;;"32";"160";"Unknown";"Not Set";;;"216";"180";"Unknown";"Not Set";;;"28";"200";"Unknown";"Not Set";;;"29";"200";"Unknown";"Not Set";;;"30";"200";"Unknown";"Not Set";;;;;;;;;;;;;;;;;;;;
96;Thu  06 Oct 2016 12:31:10 +0200;"DAQ";"Data";"733594";"GIFPP_OYONAX_12";"Not Set";;"Not Set";;;;;"Not Set";"CMS";"Not Set";;"No";;;;;"Six";"16";"150";"Unknown";"7000";;;"32";"160";"Unknown";"Not Set";;;"216";"180";"Unknown";"Not Set";;;"28";"200";"Unknown";"Not Set";;;"29";"200";"Unknown";"Not Set";;;;;;;;;;;;;;;;;;;;;;;;;;
97;Thu  06 Oct 2016 12:47:29 +0200;"DAQ";"Data";"733595";"GIFPP_OYONAX_12";"Yes";;"Not Set";;"Muons";"113";"333";"ON";"CMS";"None";;"No";;;;;"Eight";"125";"150";"Unknown";"Not Set";;;"32";"160";"Unknown";"Not Set";;;"28";"180";"Unknown";"Not Set";;;"6";"200";"Unknown";"Not Set";;;"142";"200";"Unknown";"Not Set";;;"26";;;"Not Set";;;"23";;;"Not Set";;;"2";;;"Not Set";;;;;;;;
98;Thu  06 Oct 2016 14:23:33 +0200;"DAQ";"Data";"733596";"GIFPP_OYONAX_12";"Not Set";;"Not Set";;"Muons";"113";"333";"ON";"CMS";"None";;"No";;;;;"Eight";"16";"150";"Unknown";"7000";;;"32";"160";"Unknown";"7000";;;"216";"180";"Unknown";"7000";;;"28";"200";"Unknown";"7000";;;"29";"200";"Unknown";"Not Set";;;;;;;;;;;;;;;;;;;;;;;;;;
99;Thu  06 Oct 2016 15:16:46 +0200;"DAQ";"Data";"733597";"GIFPP_OYONAX_12";"Not Set";;"Not Set";;"Muons";;;"OFF";"CMS";"Not Set";;"No";;;;;"Eight";"16";"150";"Unknown";"7000";;;"32";"160";"Unknown";"Not Set";;;"216";"180";"Unknown";"Not Set";;;"28";"200";"Unknown";"Not Set";;;"29";"200";"Unknown";"Not Set";;;;;;;;;;;;;;;;;"Plastic";"9000";;;;;;;;
100;Thu  06 Oct 2016 15:23:11 +0200;"DAQ";"Data";"733599";"GIFPP_OYONAX_12";"Not Set";;"Not Set";;;;;"Not Set";"CMS";"Not Set";;"No";;;;;"Six";"16";"150";"Unknown";"7000";;;"32";"160";"Unknown";"Not Set";;;"216";"180";"Unknown";"Not Set";;;"28";"200";"Unknown";"Not Set";;;"29";"200";"Unknown";"Not Set";;;;;;;;;;;;;;;;;;;;;;;;;;
101;Thu  06 Oct 2016 15:41:35 +0200;"DAQ";"Data";"733600";"GIFPP_OYONAX_12";"Not Set";;"Not Set";;;;;"Not Set";"CMS";"Not Set";;"No";;;;;"Six";"16";"150";"Unknown";"7000";;;"32";"160";"Unknown";"Not Set";;;"216";"180";"Unknown";"Not Set";;;"28";"200";"Unknown";"Not Set";;;"29";"200";"Unknown";"Not Set";;;;;;;;;;;;;;;;;;;;;;;;;;
102;Thu  06 Oct 2016 19:07:20 +0200;"DAQ";"Data";"733614";"GIFPP_STRIP_8";"Not Set";;"ON";"150GeV";"Muons";"112";"213";"ON";"CMS";"Both";"3";"No";;;;;"Six";"16";"150";"Unknown";"7000";;"7000";"32";"160";"Unknown";"Not Set";;"7000";"216";"180";"Unknown";"Not Set";;"7000";"28";"200";"Unknown";"Not Set";;"7000";"29";"200";"Unknown";"Not Set";;"7000";;;;;;"9500";;;;;;;;;;;;;;;;;;
103;Thu  06 Oct 2016 19:20:35 +0200;"DAQ";"Data";"733616";"GIFPP_STRIP_8";"Not Set";;"ON";"150GeV";"Muons";"213";"213";"ON";"CMS";"Ours";"3";"No";;;;;"Eight";"2";"150";"Unknown";"7000";;;"6";"180";"Unknown";"7000";;;"23";"200";"Unknown";"7000";;;"26";"200";"Unknown";"7000";;;"28";"200";"Unknown";"7000";;;;;;"7000";;;;;;"9500";;;;;;"9500";;;;;;;;
104;Thu  06 Oct 2016 19:42:34 +0200;"DAQ";"Data";"733617";"GIFPP_STRIP_9";"Not Set";;"Not Set";;;;;"Not Set";"CMS";"Ours";"3";"No";;;;;"Eight";"2";"150";"Unknown";"Not Set";;;"6";"180";"Unknown";"Not Set";;;"23";"200";"Unknown";"Not Set";;;"26";"200";"Unknown";"Not Set";;;"28";"200";"Unknown";"Not Set";;;"32";"200";"Unknown";"Not Set";;;"125";"200";"Unknown";"Not Set";;;"142";"200";"Unknown";"Not Set";;;;;;;;
105;Thu  06 Oct 2016 22:46:18 +0200;"DAQ";"Data";"733618";"GIFPP_STRIP_9";"Not Set";;"ON";"150GeV";"Muons";"211";"212";"ON";"CMS";"Ours";"3";"No";;;;;"Eight";"2";"150";"Unknown";"7000";;;"6";"180";"Unknown";"7000";;;"23";"200";"Unknown";"7000";;;"26";"200";"Unknown";"7000";;;"28";"200";"Unknown";"7000";;;"32";"200";"Unknown";"7000";;;"125";"200";"Unknown";"9500";;;"142";"200";"Unknown";"9500";;;;;;;;
106;Thu  06 Oct 2016 23:38:51 +0200;"Maxime Gouzevitch";"Comments";;;;;;;;;;;;;;;;;;;;;;;;;;;;;;;;;;;;;;;;;;;;;;;;;;;;;;;;;;;;;;;;;;;;;;;;;
107;Fri  07 Oct 2016 12:37:48 +0200;"DAQ";"Data";"733635";"GIFPP_STRIP_9";"Not Set";;"Not Set";;;;;"Not Set";"CMS";"Ours";"3";"No";;;;;"Eight";"2";"150";"Unknown";"Not Set";;;"6";"180";"Unknown";"Not Set";;;"23";"200";"Unknown";"Not Set";;;"26";"200";"Unknown";"Not Set";;;"28";"200";"Unknown";"Not Set";;;;;;;;;;;;;;;;;;;;;;;;;;
108;Fri  07 Oct 2016 13:12:43 +0200;"DAQ";"Data";"733638";"GIFPP_STRIP_11";"Not Set";;"Not Set";;;;;"Not Set";"CMS";"Ours";"3";"No";;;;;"Eight";"2";"150";"Unknown";"Not Set";;;"6";"180";"Unknown";"Not Set";;;"23";"200";"Unknown";"Not Set";;;"26";"200";"Unknown";"Not Set";;;"28";"200";"Unknown";"Not Set";;;;;;;;;;;;;;;;;;;;;;;;;;
109;Fri  07 Oct 2016 14:48:44 +0200;"DAQ";"Data";"733639";"GIFPP_STRIP_11";"Not Set";;"Not Set";;;;;"Not Set";"CMS";"Ours";"3";"No";;;;;"Eight";"2";"150";"Unknown";"Not Set";;;"6";"180";"Unknown";"Not Set";;;"23";"200";"Unknown";"Not Set";;;"26";"200";"Unknown";"Not Set";;;"28";"200";"Unknown";"Not Set";;;;;;;;;;;;;;;;;;;;;;;;;;
110;Fri  07 Oct 2016 14:50:07 +0200;"DAQ";"Data";"733640";"GIFPP_STRIP_11";"Not Set";;"Not Set";;;;;"Not Set";"CMS";"Ours";"3";"No";;;;;"Eight";"2";"150";"Unknown";"Not Set";;;"6";"180";"Unknown";"Not Set";;;"23";"200";"Unknown";"Not Set";;;"26";"200";"Unknown";"Not Set";;;"28";"200";"Unknown";"Not Set";;;;;;;;;;;;;;;;;;;;;;;;;;
111;Fri  07 Oct 2016 18:15:42 +0200;"DAQ";"Data";"733648";"GIFPP_STRIP_11";"Not Set";;"OFF";;;"122";"311";"ON";"CMS";"Ours";"3";"No";;;;;"Eight";"2";"0";"Unknown";"9500";;;"23";"160";"Unknown";"9500";;;"142";"180";"Unknown";"7000";;;"26";"200";"Unknown";"7000";;;"6";"200";"Unknown";"7000";;;;;;;;;;;;;;;;;;;;;;;;;;
112;Fri  07 Oct 2016 19:28:20 +0200;"DAQ";"Data";"733649";"GIFPP_STRIP_11";"Not Set";;"ON";;;"122";"311";"ON";"CMS";"Ours";"3";"No";;;;;"Eight";"2";"0";"Unknown";"9500";;;"23";"160";"Unknown";"9500";;;"142";"180";"Unknown";"7000";;;"26";"200";"Unknown";"7000";;;"6";"200";"Unknown";"7000";;;;;;;;;;;;;;;;;;;;;;;;;;
113;Fri  07 Oct 2016 20:02:25 +0200;"DAQ";"Data";"733651";"GIFPP_STRIP_11";"Not Set";;"ON";"150GeV";"Muons";"122";"311";"ON";"CMS";"Ours";"3";"No";;;;;"Eight";"2";"0";"Unknown";"9300";;;"23";"160";"Unknown";"9300";;;"142";"180";"Unknown";"6800";;;"26";"200";"Unknown";"6800";;;"6";"200";"Unknown";"7000";;;;;;"7000";;;;;;"7000";;;;;;"7000";;;;;;;;
114;Fri  07 Oct 2016 21:00:14 +0200;"DAQ";"Data";"733652";"GIFPP_STRIP_11";"Not Set";;"ON";"150GeV";"Muons";"121";"312";"ON";"CMS";"Ours";"3";"No";;;;;"Eight";"2";"0";"Unknown";"9300";;;"23";"160";"Unknown";"9300";;;"142";"180";"Unknown";"6800";;;"26";"200";"Unknown";"6800";;;"6";"200";"Unknown";"7000";;;;;;;;;;;;;;;;;;;;;;;;;;
115;Sat  08 Oct 2016 03:39:46 +0200;"DAQ";"Data";"733657";"GIFPP_STRIP_11";"Not Set";;"ON";"150GeV";"Muons";"333";"221";"ON";"CMS";"Ours";"3";"No";;;;;"Eight";"2";"0";"Unknown";"9300";;;"23";"160";"Unknown";"9300";;;"142";"180";"Unknown";"6800";;;"26";"200";"Unknown";"6800";;;"6";"200";"Unknown";"7000";;;;;;;;;;;;;;;;;;;;;;;;;;
116;Sat  08 Oct 2016 04:16:25 +0200;"DAQ";"Data";"733661";"GIFPP_STRIP_12";"Not Set";;"ON";"150GeV";"Muons";"333";"221";"ON";"CMS";"Ours";"3";"No";;;;;"Eight";"2";"0";"Unknown";"9300";;;"23";"160";"Unknown";"9300";;;"142";"180";"Unknown";"6800";;;"26";"200";"Unknown";"6800";;;"6";"200";"Unknown";"7000";;;;;;;;;;;;;;;;;;;;;;;;;;
117;Sat  08 Oct 2016 05:40:16 +0200;"DAQ";"Data";"733662";"GIFPP_STRIP_13";"Not Set";;"Not Set";"150GeV";"Muons";"333";"221";"ON";"CMS";"Ours";"3";"No";;;;;"Eight";"2";"0";"Unknown";"9300";;;"23";"160";"Unknown";"9300";;;"142";"180";"Unknown";"6800";;;"26";"200";"Unknown";"6800";;;"6";"200";"Unknown";"7000";;;;;;"7000";;;;;;"7000";;;;;;"7000";;;;;;;;
118;Sat  08 Oct 2016 08:19:12 +0200;"DAQ";"Data";"733663";"GIFPP_STRIP_13";"Not Set";;"ON";"150GeV";"Muons";"333";"221";"ON";"CMS";"Ours";"3";"No";;;;;"Eight";"2";"0";"Unknown";"9300";;;"23";"160";"Unknown";"9300";;;"142";"180";"Unknown";"6800";;;"26";"200";"Unknown";"6800";;;"6";"200";"Unknown";"7000";;;;;;;;;;;;;;;;;;;;;;;;;;
119;Sat  08 Oct 2016 08:33:40 +0200;"DAQ";"Data";"733664";"GIFPP_STRIP_13";"Not Set";;"ON";"150GeV";"Muons";"333";"221";"OFF";"CMS";"Ours";"3";"No";;;;;"Eight";"2";"0";"Unknown";"9300";;;"23";"160";"Unknown";"9300";;;"142";"180";"Unknown";"6800";;;"26";"200";"Unknown";"6800";;;"6";"200";"Unknown";"7000";;;;;;;;;;;;;;;;;;;;;;;;;;
120;Sat  08 Oct 2016 09:13:24 +0200;"DAQ";"Data";"733666";"GIFPP_STRIP_14";"Not Set";;"ON";"150GeV";"Muons";"333";"221";"OFF";"CMS";"Ours";"3";"No";;;;;"Eight";"2";"0";"Unknown";"9300";;;"23";"160";"Unknown";"9300";;;"142";"180";"Unknown";"6800";;;"26";"200";"Unknown";"6800";;;"6";"200";"Unknown";"7000";;;;;;;;;;;;;;;;;;;;;;;;;;
121;Sat  08 Oct 2016 09:54:13 +0200;"DAQ";"Data";"733667";"GIFPP_STRIP_15";"Not Set";;"ON";"150GeV";"Muons";"333";"221";"OFF";"CMS";"Ours";"3";"No";;;;;"Eight";"2";"0";"Unknown";"9300";;;"23";"160";"Unknown";"9300";;;"142";"180";"Unknown";"6800";;;"26";"200";"Unknown";"6800";;;"6";"200";"Unknown";"7000";;;;;;;;;;;;;;;;;;;;;;;;;;
122;Sat  08 Oct 2016 10:36:14 +0200;"DAQ";"Data";"733668";"GIFPP_STRIP_16";"Not Set";;"ON";"150GeV";"Muons";"333";"221";"OFF";"CMS";"Ours";"3";"No";;;;;"Eight";"2";"0";"Unknown";"9300";;;"23";"160";"Unknown";"9300";;;"142";"180";"Unknown";"6800";;;"26";"200";"Unknown";"6800";;;"6";"200";"Unknown";"7000";;;;;;;;;;;;;;;;;;;;;;;;;;
123;Sat  08 Oct 2016 11:14:21 +0200;"DAQ";"Data";"733669";"GIFPP_STRIP_17";"Not Set";;"ON";"150GeV";"Muons";;;"OFF";"CMS";"Ours";"3";"No";;;;;"Eight";"2";"0";"Unknown";"9300";;;"23";"160";"Unknown";"9300";;;"142";"180";"Unknown";"6800";;;"26";"200";"Unknown";"6800";;;"6";"200";"Unknown";"7000";;;;;;;;;;;;;;;;;;;;;;;;;;
124;Sat  08 Oct 2016 11:54:01 +0200;"DAQ";"Data";"733670";"GIFPP_STRIP_17";"No";"Test";"OFF";;;;;"OFF";"CMS";"Ours";"3";"No";;;;;"Eight";"2";"0";"Unknown";"9300";;;"23";"160";"Unknown";"9300";;;"142";"180";"Unknown";"6800";;;"26";"200";"Unknown";"6800";;;"6";"200";"Unknown";"7000";;;;;;;;;;;;;;;;;;;;;;;;;;
125;Sat  08 Oct 2016 14:23:02 +0200;"DAQ";"Data";"733671";"GIFPP_STRIP_18";"Not Set";;"ON";"150GeV";"Muons";"333";"221";"OFF";"CMS";"Ours";"3";"No";;;;;"Eight";"2";"0";"Unknown";"9300";;;"23";"160";"Unknown";"9300";;;"142";"180";"Unknown";"6800";;;"26";"200";"Unknown";"6800";;;"6";"200";"Unknown";"7000";;;;;;;;;;;;;;;;;;;;;;;;;;
126;Sat  08 Oct 2016 14:36:06 +0200;"DAQ";"Data";"733672";"GIFPP_STRIP_19";"Not Set";;"ON";"150GeV";"Muons";"333";"221";"OFF";"CMS";"Ours";"3";"No";;;;;"Eight";"2";"0";"Unknown";"9300";;;"23";"160";"Unknown";"9300";;;"142";"180";"Unknown";"6800";;;"26";"200";"Unknown";"6800";;;"6";"200";"Unknown";"7000";;;;;;;;;;;;;;;;;;;;;;;;;;
127;Sat  08 Oct 2016 15:28:02 +0200;"DAQ";"Data";"733673";"GIFPP_STRIP_20";"Not Set";;"ON";"150GeV";"Muons";"333";"221";"OFF";"CMS";"Ours";"3";"No";;;;;"Eight";"2";"0";"Unknown";"9300";;;"23";"160";"Unknown";"9300";;;"142";"180";"Unknown";"6800";;;"26";"200";"Unknown";"6800";;;"6";"200";"Unknown";"7000";;;;;;;;;;;;;;;;;;;;;;;;;;
128;Sat  08 Oct 2016 15:51:18 +0200;"DAQ";"Data";"733674";"GIFPP_STRIP_21";"Not Set";;"ON";"150GeV";"Muons";"333";"221";"OFF";"CMS";"Ours";"3";"No";;;;;"Eight";"2";"0";"Unknown";"9300";;;"23";"160";"Unknown";"9300";;;"142";"180";"Unknown";"6800";;;"26";"200";"Unknown";"6800";;;"6";"200";"Unknown";"7000";;;;;;;;;;;;;;;;;;;;;;;;;;
129;Sat  08 Oct 2016 16:14:29 +0200;"DAQ";"Data";"733676";"GIFPP_STRIP_12";"Not Set";;"ON";;;"333";"221";"OFF";"CMS";"Ours";"3";"No";;;;;"Eight";"2";"0";"Unknown";"9300";;;"23";"160";"Unknown";"9300";;;"142";"180";"Unknown";"6800";;;"26";"200";"Unknown";"6800";;;"6";"200";"Unknown";"7000";;;;;;;;;;;;;;;;;;;;;;;;;;
130;Sat  08 Oct 2016 16:37:43 +0200;"DAQ";"Data";"733677";"GIFPP_STRIP_12";"Not Set";;"ON";"150GeV";"Muons";"333";"221";"OFF";"CMS";"Ours";"3";"No";;;;;"Eight";"2";"0";"Unknown";"9300";;;"23";"160";"Unknown";"9300";;;"142";"180";"Unknown";"6800";;;"26";"200";"Unknown";"6800";;;"6";"200";"Unknown";"7000";;;;;;;;;;;;;;;;;;;;;;;;;;
131;Sat  08 Oct 2016 21:14:16 +0200;"DAQ";"Data";"1";"1";"Not Set";;"Not Set";;;;;"Not Set";"CMS";"Ours";"3";"No";;;;;"Eight";"2";"0";"Unknown";"Not Set";;;"23";"160";"Unknown";"Not Set";;;"142";"180";"Unknown";"Not Set";;;"26";"200";"Unknown";"Not Set";;;"6";"200";"Unknown";"Not Set";;;"28";"200";"Unknown";"Not Set";;;"32";"200";"Unknown";"Not Set";;;"125";"200";"Unknown";"Not Set";;;;;;;;
132;Sun  09 Oct 2016 03:59:47 +0200;"Maxime Gouzevitch";"Comments";;;;;;;;;;;;;;;;;;;;;;;;;;;;;;;;;;;;;;;;;;;;;;;;;;;;;;;;;;;;;;;;;;;;;;;;;
133;Sun  09 Oct 2016 04:43:22 +0200;"DAQ";"Data";"733681";"GIFPP_STRIP_12";"Not Set";;"ON";;;"213";"213";"ON";"CMS";"Ours";"3";"No";;;;;"Eight";"2";"0";"Unknown";"9300";;;"23";"160";"Unknown";"6800";;;"142";"180";"Unknown";"9300";;;"26";"200";"Unknown";"6800";;;"6";"200";"Unknown";"7000";;;;;;;;;;;;;;;;;;;;;;;;;;
134;Sun  09 Oct 2016 07:08:52 +0200;"DAQ";"Data";"733682";"GIFPP_STRIP_12";"Not Set";;"ON";"150GeV";"Muons";"213";"221";"ON";"CMS";"Ours";"3";"No";;;;;"Eight";"2";"0";"Unknown";"9400";;;"23";"160";"Unknown";"9400";;;"142";"180";"Unknown";"7000";;;"26";"200";"Unknown";"7000";;;"6";"200";"Unknown";"7000";;;;;;;;;;;;;;;;;;;;;;;;;;
135;Sun  09 Oct 2016 08:17:21 +0200;"DAQ";"Data";"733684";"GIFPP_STRIP_12";"Not Set";;"ON";;;"212";"221";"ON";"CMS";"Ours";"3";"No";;;;;"Eight";"2";"0";"Unknown";"9300";;;"23";"160";"Unknown";"9300";;;"142";"180";"Unknown";"6800";;;"26";"200";"Unknown";"6800";;;"6";"200";"Unknown";"7000";;;;;;;;;;;;;;;;;;;;;;;;;;
136;Sun  09 Oct 2016 10:13:39 +0200;"DAQ";"Data";"733685";"GIFPP_STRIP_21";"Not Set";;"ON";;;"212";"211";"ON";"CMS";"Ours";"3";"No";;;;;"Eight";"2";"0";"Unknown";"9300";;;"23";"160";"Unknown";"9300";;;"142";"180";"Unknown";"6800";;;"26";"200";"Unknown";"6800";;;"6";"200";"Unknown";"7000";;;;;;;;;;;;;;;;;;;;;;;;;;
137;Sun  09 Oct 2016 12:08:29 +0200;"DAQ";"Data";"733687";"GIFPP_STRIP_26";"Not Set";;"ON";;;"211";"333";"ON";"CMS";"Ours";"3";"No";;;;;"Eight";"2";"0";"Unknown";"9300";;;"23";"160";"Unknown";"9300";;;"142";"180";"Unknown";"6800";;;"26";"200";"Unknown";"6800";;;"6";"200";"Unknown";"7000";;;;;;;;;;;;;;;;;;;;;;;;;;
138;Sun  09 Oct 2016 15:27:19 +0200;"DAQ";"Data";"733690";"GIFPP_STRIP_26";"No";"Strip chamber behavior changed";"ON";"150GeV";"Muons";"211";"333";"OFF";"CMS";"Ours";"3";"No";;;;;"Eight";"2";"0";"Unknown";"5000";;;"23";"160";"Unknown";"5000";;;"142";"180";"Unknown";"5000";;;"26";"200";"Unknown";"5000";;;"6";"200";"Unknown";"7000";;;;;;;;;;;;;;;;;;;;;;;;;;
139;Sun  09 Oct 2016 16:07:10 +0200;"DAQ";"Data";"733691";"GIFPP_STRIP_22";"No";"Strip chamber behavior changed";"ON";"150GeV";"Muons";"211";"333";"OFF";"CMS";"Ours";"3";"No";;;;;"Eight";"2";"0";"Unknown";"5000";;;"23";"160";"Unknown";"5000";;;"142";"180";"Unknown";"5000";;;"26";"200";"Unknown";"5000";;;"6";"200";"Unknown";"7000";;;;;;;;;;;;;;;;;;;;;;;;;;
140;Sun  09 Oct 2016 16:57:31 +0200;"DAQ";"Data";"733694";"GIFPP_STRIP_22";"Not Set";;"OFF";;;"211";"333";"OFF";"CMS";"Ours";"3";"No";;;;;"Eight";"2";"0";"Unknown";"9300";;;"23";"160";"Unknown";"9300";;;"142";"180";"Unknown";"6800";;;"26";"200";"Unknown";"6800";;;"6";"200";"Unknown";"7000";;;;;;;;;;;;;;;;;;;;;;;;;;
141;Sun  09 Oct 2016 17:24:43 +0200;"DAQ";"Data";"733695";"GIFPP_STRIP_22";"Not Set";;"ON";;;"211";"333";"OFF";"CMS";"Ours";"3";"No";;;;;"Eight";"2";"0";"Unknown";"9300";;;"23";"160";"Unknown";"9300";;;"142";"180";"Unknown";"6800";;;"26";"200";"Unknown";"6800";;;"6";"200";"Unknown";"7000";;;;;;;;;;;;;;;;;;;;;;;;;;
142;Sun  09 Oct 2016 20:22:15 +0200;"DAQ";"Data";"733697";"GIFPP_STRIP_23";"Not Set";;"OFF";;;"211";"333";"OFF";"CMS";"Ours";"3";"No";;;;;"Eight";"2";"0";"Unknown";"9300";;;"23";"160";"Unknown";"9300";;;"142";"180";"Unknown";"6800";;;"26";"200";"Unknown";"6800";;;"6";"200";"Unknown";"7000";;;;;;;;;;;;;;;;;;;;;;;;;;
143;Mon  10 Oct 2016 01:20:15 +0200;"DAQ";"Data";"733703";"GIFPP_STRIP_23";"Not Set";;"ON";"150GeV";"Muons";"113";"333";"OFF";"CMS";"Ours";"3";"No";;;;;"Eight";"2";"0";"Unknown";"9300";;;"23";"160";"Unknown";"9300";;;"142";"180";"Unknown";"6800";;;"26";"200";"Unknown";"6800";;;"6";"200";"Unknown";"7000";;;;;;;;;;;;;;;;;;;;;;;;;;
144;Mon  10 Oct 2016 01:36:24 +0200;"DAQ";"Data";"733704";"GIFPP_STRIP_12";"Not Set";;"ON";;;"113";"333";"OFF";"CMS";"Ours";"3";"No";;;;;"Eight";"2";"0";"Unknown";"9300";;;"23";"160";"Unknown";"9300";;;"142";"180";"Unknown";"6800";;;"26";"200";"Unknown";"6800";;;"6";"200";"Unknown";"7000";;;;;;;;;;;;;;;;;;;;;;;;;;
145;Mon  10 Oct 2016 01:40:47 +0200;"DAQ";"Data";"733706";"GIFPP_STRIP_26";"No";"HV";"ON";"150GeV";"Muons";"113";"333";"OFF";"CMS";"Ours";"3";"No";;;;;"Eight";"2";"0";"Unknown";"9300";;;"23";"160";"Unknown";"9300";;;"142";"180";"Unknown";"6800";;;"26";"200";"Unknown";"6800";;;"6";"200";"Unknown";"7000";;;;;;;;;;;;;;;;;;;;;;;;;;
146;Mon  10 Oct 2016 01:57:31 +0200;"DAQ";"Data";"733709";"GIFPP_STRIP_26";"Not Set";;"ON";;;"113";"333";"OFF";"CMS";"Ours";"3";"No";;;;;"Eight";"2";"0";"Unknown";"9300";;;"23";"160";"Unknown";"9300";;;"142";"180";"Unknown";"6800";;;"26";"200";"Unknown";"6800";;;"6";"200";"Unknown";"7000";;;;;;;;;;;;;;;;;;;;;;;;;;
147;Mon  10 Oct 2016 02:28:00 +0200;"DAQ";"Data";"733712";"GIFPP_STRIP_27";"Not Set";;"ON";"150GeV";"Muons";"113";"333";"OFF";"CMS";"Ours";"3";"No";;;;;"Eight";"2";"0";"Unknown";"9300";;;"23";"160";"Unknown";"9300";;;"142";"180";"Unknown";"6800";;;"26";"200";"Unknown";"6800";;;"6";"200";"Unknown";"7000";;;;;;"7000";;;;;;"7000";;;;;;"7000";;;;;;;;
148;Mon  10 Oct 2016 02:53:50 +0200;"DAQ";"Data";"733713";"GIFPP_STRIP_22";"Not Set";;"ON";;;"113";"333";"OFF";"CMS";"Ours";"3";"No";;;;;"Eight";"2";"0";"Unknown";"9300";;;"23";"160";"Unknown";"9300";;;"142";"180";"Unknown";"6800";;;"26";"200";"Unknown";"6800";;;"6";"200";"Unknown";"7000";;;;;;;;;;;;;;;;;;;;;;;;;;
149;Mon  10 Oct 2016 03:23:57 +0200;"DAQ";"Data";"733714";"GIFPP_STRIP_22";"Not Set";;"ON";;;"113";"213";"ON";"CMS";"Ours";"3";"No";;;;;"Eight";"2";"0";"Unknown";"9300";;;"23";"160";"Unknown";"9300";;;"142";"180";"Unknown";"6800";;;"26";"200";"Unknown";"6800";;;"6";"200";"Unknown";"7000";;;;;;;;;;;;;;;;;;;;;;;;;;
150;Mon  10 Oct 2016 03:36:02 +0200;"DAQ";"Data";"733715";"GIFPP_STRIP_12";"Not Set";;"ON";;;"113";"213";"ON";"CMS";"Ours";"3";"No";;;;;"Eight";"2";"0";"Unknown";"9300";;;"23";"160";"Unknown";"9300";;;"142";"180";"Unknown";"6800";;;"26";"200";"Unknown";"6800";;;"6";"200";"Unknown";"7000";;;;;;;;;;;;;;;;;;;;;;;;;;
151;Mon  10 Oct 2016 03:44:19 +0200;"DAQ";"Data";"733716";"GIFPP_STRIP_28";"Not Set";;"ON";;;"113";"213";"ON";"CMS";"Ours";"3";"No";;;;;"Eight";"2";"0";"Unknown";"9300";;;"23";"160";"Unknown";"9300";;;"142";"180";"Unknown";"6800";;;"26";"200";"Unknown";"6800";;;"6";"200";"Unknown";"7000";;;;;;;;;;;;;;;;;;;;;;;;;;
152;Mon  10 Oct 2016 03:50:06 +0200;"DAQ";"Data";"733717";"GIFPP_STRIP_22";"Not Set";;"ON";"150GeV";"Muons";"113";"213";"ON";"CMS";"Ours";"3";"No";;;;;"Eight";"2";"0";"Unknown";"9300";;;"23";"160";"Unknown";"9300";;;"142";"180";"Unknown";"6800";;;"26";"200";"Unknown";"6800";;;"6";"200";"Unknown";"7000";;;;;;;;;;;;;;;;;;;;;;;;;;
153;Mon  10 Oct 2016 11:15:59 +0200;"DAQ";"Data";"733721";"GIFPP_STRIP_22";"Not Set";;"ON";;;"113";"122";"ON";"CMS";"Ours";"3";"No";;;;;"Eight";"2";"0";"Unknown";"9300";;;"23";"160";"Unknown";"9300";;;"142";"180";"Unknown";"6800";;;"26";"200";"Unknown";"6800";;;"6";"200";"Unknown";"7000";;;;;;;;;;;;;;;;;;;;;;;;;;
154;Mon  10 Oct 2016 15:01:00 +0200;"DAQ";"Data";"733726";"GIFPP_STRIP_22";"Not Set";;"ON";;;"113";"311";"ON";"CMS";"Ours";"3";"No";;;;;"Eight";"2";"0";"Unknown";"9300";;;"23";"160";"Unknown";"9300";;;"142";"180";"Unknown";"6800";;;"26";"200";"Unknown";"6800";;;"6";"200";"Unknown";"7000";;;;;;;;;;;;;;;;;;;;;;;;;;
155;Mon  10 Oct 2016 15:15:09 +0200;"DAQ";"Data";"733727";"GIFPP_STRIP_22";"Not Set";;"ON";;;"113";"311";"ON";"CMS";"Ours";"3";"No";;;;;"Eight";"2";"0";"Unknown";"9300";;;"23";"160";"Unknown";"9300";;;"142";"180";"Unknown";"6800";;;"26";"200";"Unknown";"6800";;;"6";"200";"Unknown";"7000";;;;;;;;;;;;;;;;;;;;;;;;;;
156;Mon  10 Oct 2016 15:28:18 +0200;"DAQ";"Data";"733729";"GIFPP_STRIP_22";"Not Set";;"ON";;;;;"OFF";"CMS";"Ours";"3";"No";;;;;"Eight";"2";"0";"Unknown";"Not Set";;;"23";"160";"Unknown";"Not Set";;;"142";"180";"Unknown";"Not Set";;;"26";"200";"Unknown";"Not Set";;;"6";"200";"Unknown";"Not Set";;;;;;;;;;;;;;;;;;;;;;;;;;
157;Mon  10 Oct 2016 15:31:46 +0200;"DAQ";"Data";"733730";"GIFPP_STRIP_22";"Not Set";;"ON";;;"122";"311";"ON";"CMS";"Ours";"3";"No";;;;;"Eight";"2";"0";"Unknown";"9300";;;"23";"160";"Unknown";"9300";;;"142";"180";"Unknown";"6800";;;"26";"200";"Unknown";"6800";;;"6";"200";"Unknown";"7000";;;;;;;;;;;;;;;;;;;;;;;;;;
158;Mon  10 Oct 2016 15:48:47 +0200;"DAQ";"Data";"733731";"GIFPP_STRIP_22";"Not Set";;"ON";;;"122";"311";"ON";"CMS";"Ours";"3";"No";;;;;"Eight";"2";"0";"Unknown";"9300";;;"23";"160";"Unknown";"9300";;;"142";"180";"Unknown";"6800";;;"26";"200";"Unknown";"6800";;;"6";"200";"Unknown";"7000";;;;;;;;;;;;;;;;;;;;;;;;;;
159;Mon  10 Oct 2016 16:07:03 +0200;"DAQ";"Data";"733732";"GIFPP_STRIP_22";"Not Set";;"ON";;;"122";"311";"ON";"CMS";"Ours";"3";"No";;;;;"Eight";"2";"0";"Unknown";"9300";;;"23";"160";"Unknown";"9300";;;"142";"180";"Unknown";"6800";;;"26";"200";"Unknown";"6800";;;"6";"200";"Unknown";"7000";;;;;;;;;;;;;;;;;;;;;;;;;;
160;Mon  10 Oct 2016 16:13:31 +0200;"DAQ";"Data";"733733";"GIFPP_STRIP_22";"No";"DAQ";"ON";"150GeV";"Muons";"122";"311";"ON";"CMS";"Ours";"3";"No";;;;;"Eight";"2";"0";"Unknown";"9300";;;"23";"160";"Unknown";"9300";;;"142";"180";"Unknown";"6800";;;"26";"200";"Unknown";"6800";;;"6";"200";"Unknown";"7000";;;;;;;;;;;;;;;;;;;;;;;;;;
161;Mon  10 Oct 2016 16:19:13 +0200;"DAQ";"Data";"733734";"GIFPP_STRIP_22";"No";"DAQ";"ON";"150GeV";"Muons";"122";"311";"ON";"CMS";"Ours";"3";"No";;;;;"Eight";"2";"0";"Unknown";"9300";;;"23";"160";"Unknown";"9300";;;"142";"180";"Unknown";"6800";;;"26";"200";"Unknown";"6800";;;"6";"200";"Unknown";"7000";;;;;;;;;;;;;;;;;;;;;;;;;;
162;Mon  10 Oct 2016 17:02:12 +0200;"DAQ";"Data";"733735";"GIFPP_STRIP_22";"Not Set";;"OFF";;;"122";"311";"ON";"CMS";"Ours";"3";"No";;;;;"Eight";"2";"0";"Unknown";"9300";;;"23";"160";"Unknown";"9300";;;"142";"180";"Unknown";"6800";;;"26";"200";"Unknown";"6800";;;"6";"200";"Unknown";"7000";;;;;;;;;;;;;;;;;;;;;;;;;;
163;Mon  10 Oct 2016 17:11:19 +0200;"DAQ";"Data";"733736";"GIFPP_STRIP_22";"Not Set";;"ON";;;"122";"311";"ON";"CMS";"Ours";"3";"No";;;;;"Eight";"2";"0";"Unknown";"9300";;;"23";"160";"Unknown";"9300";;;"142";"180";"Unknown";"6800";;;"26";"200";"Unknown";"6800";;;"6";"200";"Unknown";"7000";;;;;;;;;;;;;;;;;;;;;;;;;;
164;Mon  10 Oct 2016 17:39:34 +0200;"DAQ";"Data";"733737";"GIFPP_STRIP_22";"No";"DAQ";"OFF";;;"122";"311";"ON";"CMS";"Ours";"3";"No";;;;;"Eight";"2";"0";"Unknown";"9300";;;"23";"160";"Unknown";"9300";;;"142";"180";"Unknown";"6800";;;"26";"200";"Unknown";"6800";;;"6";"200";"Unknown";"7000";;;;;;;;;;;;;;;;;;;;;;;;;;
165;Mon  10 Oct 2016 18:04:00 +0200;"DAQ";"Data";"733739";"GIFPP_STRIP_22";"No";"BIF trigger unplugged";"ON";"150GeV";"Muons";"122";"311";"OFF";"CMS";"Ours";"3";"No";;;;;"Eight";"2";"0";"Unknown";"9300";;;"23";"160";"Unknown";"9300";;;"142";"180";"Unknown";"6800";;;"26";"200";"Unknown";"6800";;;"6";"200";"Unknown";"7000";;;;;;;;;;;;;;;;;;;;;;;;;;
166;Mon  10 Oct 2016 23:15:54 +0200;"DAQ";"Data";"733744";"GIFPP_STRIP_22";"No";"BIF trigger unplugged";"ON";"150GeV";"Muons";"122";"213";"ON";"CMS";"Ours";"3";"No";;;;;"Eight";"2";"0";"Unknown";"9300";;;"23";"160";"Unknown";"9300";;;"142";"180";"Unknown";"6800";;;"26";"200";"Unknown";"6800";;;"6";"200";"Unknown";"7000";;;;;;;;;;;;;;;;;;;;;;;;;;
167;Mon  10 Oct 2016 23:26:13 +0200;"DAQ";"Data";"733745";"GIFPP_STRIP_22";"Not Set";;"ON";;;"122";"311";"ON";"CMS";"Ours";"3";"No";;;;;"Eight";"2";"0";"Unknown";"9300";;;"23";"160";"Unknown";"9300";;;"142";"180";"Unknown";"6800";;;"26";"200";"Unknown";"6800";;;"6";"200";"Unknown";"7000";;;;;;;;;;;;;;;;;;;;;;;;;;
168;Tue  11 Oct 2016 00:18:03 +0200;"DAQ";"Data";"733746";"GIFPP_STRIP_22";"Not Set";;"ON";"150GeV";"Muons";"122";"311";"ON";"CMS";"Ours";"3";"No";;;;;"Eight";"2";"0";"Unknown";"9300";;;"23";"160";"Unknown";"9300";;;"142";"180";"Unknown";"6800";;;"26";"200";"Unknown";"6800";;;"6";"200";"Unknown";"7000";;;;;;;;;;;;;;;;;;;;;;;;;;
169;Tue  11 Oct 2016 01:00:15 +0200;"DAQ";"Data";"733747";"GIFPP_STRIP_22";"Not Set";;"ON";"150GeV";"Muons";"122";"213";"ON";"CMS";"Ours";"3";"No";;;;;"Eight";"2";"0";"Unknown";"9300";;;"23";"160";"Unknown";"9300";;;"142";"180";"Unknown";"6800";;;"26";"200";"Unknown";"Not Set";;;"6";"200";"Unknown";"6800";;;;;;"7000";;;;;;"7000";;;;;;"7000";;;;;;;;
170;Tue  11 Oct 2016 02:13:54 +0200;"DAQ";"Data";"733749";"GIFPP_STRIP_22";"Not Set";;"ON";"150GeV";"Muons";"122";"222";"ON";"CMS";"Ours";"3";"No";;;;;"Eight";"2";"0";"Unknown";"9300";;;"23";"160";"Unknown";"9300";;;"142";"180";"Unknown";"6800";;;"26";"200";"Unknown";"6800";;;"6";"200";"Unknown";"7000";;;;;;"7000";;;;;;;;;;;;"7000";;;;;;;;
171;Tue  11 Oct 2016 03:15:56 +0200;"DAQ";"Data";"733751";"GIFPP_STRIP_22";"Not Set";;"ON";"150GeV";"Muons";;;"OFF";"CMS";"Ours";"3";"No";;;;;"Eight";"2";"0";"Unknown";"9300";;;"23";"160";"Unknown";"9300";;;"142";"180";"Unknown";"6800";;;"26";"200";"Unknown";"6800";;;"6";"200";"Unknown";"7000";;;;;;"7000";;;;;;"7000";;;;;;"7000";;;;;;;;
172;Tue  11 Oct 2016 05:41:54 +0200;"DAQ";"Data";"733752";"GIFPP_STRIP_22";"No";"HV";"ON";"150GeV";"Muons";"113";"213";"ON";"CMS";"Ours";"3";"No";;;;;"Eight";"2";"0";"Unknown";"9300";;;"23";"160";"Unknown";"9300";;;"142";"180";"Unknown";"6800";;;"26";"200";"Unknown";"6800";;;"6";"200";"Unknown";"7000";;;;;;"7000";;;;;;"7000";;;;;;"7000";;;;;;;;
173;Tue  11 Oct 2016 05:48:55 +0200;"DAQ";"Data";"733753";"GIFPP_STRIP_22";"Not Set";;"ON";"150GeV";"Muons";"113";"213";"ON";"CMS";"Ours";"3";"No";;;;;"Eight";"2";"0";"Unknown";"9300";;;"23";"160";"Unknown";"9300";;;"142";"180";"Unknown";"6800";;;"26";"200";"Unknown";"6800";;;"6";"200";"Unknown";"7000";;;;;;"7000";;;;;;"7000";;;;;;"7000";;;;;;;;
174;Tue  11 Oct 2016 10:58:22 +0200;"DAQ";"Data";"733755";"GIFPP_STRIP_22";"Not Set";;"ON";"150GeV";"Muons";"211";"222";"ON";"CMS";"Ours";"3";"No";;;;;"Eight";"2";"0";"Unknown";"9300";;;"23";"160";"Unknown";"9300";;;"142";"180";"Unknown";"6800";;;"26";"200";"Unknown";"6800";;;"6";"200";"Unknown";"7000";;;;;;;;;;;;;;;;;;;;;;;;;;
177;Tue  11 Oct 2016 18:36:04 +0200;"DAQ";"Data";"733766";"GIFPP_STRIP_22";"Not Set";;"OFF";;;"122";"211";"ON";"CMS";"Ours";"3";"No";;;;;"Eight";"2";"0";"Unknown";"9300";;;"23";"160";"Unknown";"9300";;;"142";"180";"Unknown";"8000";;;"26";"200";"Unknown";"8000";;;"6";"200";"Unknown";"7000";;;;;;;;;;;;;;;;;;;;;;;;;;
179;Tue  11 Oct 2016 18:44:24 +0200;"DAQ";"Data";"733771";"GIFPP_STRIP_22";"Not Set";;"OFF";;;"122";"211";"ON";"CMS";"Ours";"3";"No";;;;;"Eight";"2";"0";"Unknown";"9300";;;"23";"160";"Unknown";"9300";;;"142";"180";"Unknown";"8000";;;"26";"200";"Unknown";"8000";;;"6";"200";"Unknown";"7000";;;;;;;;;;;;;;;;;;;;;;;;;;
180;Tue  11 Oct 2016 20:17:27 +0200;"DAQ";"Data";"733772";"GIFPP_STRIP_22";"Not Set";;"OFF";;;"113";"211";"ON";"CMS";"Ours";"3";"No";;;;;"Eight";"2";"0";"Unknown";"9300";;;"23";"160";"Unknown";"9300";;;"142";"180";"Unknown";"8000";;;"26";"200";"Unknown";"8000";;;"6";"200";"Unknown";"7000";;;;;;;;;;;;;;;;;;;;;;;;;;
181;Tue  11 Oct 2016 23:54:56 +0200;"DAQ";"Data";"733773";"GIFPP_STRIP_22";"Not Set";;"OFF";;;"211";"211";"ON";"CMS";"Ours";"3";"No";;;;;"Eight";"2";"0";"Unknown";"9300";;;"23";"160";"Unknown";"9300";;;"142";"180";"Unknown";"8000";;;"26";"200";"Unknown";"8000";;;"6";"200";"Unknown";"7000";;;;;;;;;;;;;;;;;;;;;;;;;;
182;Wed  12 Oct 2016 02:44:41 +0200;"DAQ";"Data";"733774";"GIFPP_STRIP_22";"Not Set";;"OFF";;;"212";"211";"ON";"CMS";"Ours";"3";"No";;;;;"Eight";"2";"0";"Unknown";"9300";;;"23";"160";"Unknown";"9300";;;"142";"180";"Unknown";"8000";;;"26";"200";"Unknown";"8000";;;"6";"200";"Unknown";"7000";;;;;;;;;;;;;;;;;;;;;;;;;;
183;Wed  12 Oct 2016 05:26:02 +0200;"DAQ";"Data";"733775";"GIFPP_STRIP_22";"Not Set";;"Not Set";;;;;"Not Set";"CMS";"Ours";"3";"No";;;;;"Eight";"2";"0";"Unknown";"Not Set";;;"23";"160";"Unknown";"Not Set";;;"142";"180";"Unknown";"Not Set";;;"26";"200";"Unknown";"Not Set";;;"6";"200";"Unknown";"Not Set";;;;;;;;;;;;;;;;;;;;;;;;;;
184;Wed  12 Oct 2016 06:07:19 +0200;"DAQ";"Data";"733776";"GIFPP_STRIP_22";"Not Set";;"Not Set";;;;;"Not Set";"CMS";"Ours";"3";"No";;;;;"Eight";"2";"0";"Unknown";"Not Set";;;"23";"160";"Unknown";"Not Set";;;"142";"180";"Unknown";"Not Set";;;"26";"200";"Unknown";"Not Set";;;"6";"200";"Unknown";"Not Set";;;;;;;;;;;;;;;;;;;;;;;;;;
185;Wed  12 Oct 2016 12:41:04 +0200;"DAQ";"Data";"733777";"GIFPP_STRIP_22";"Not Set";;"Not Set";;;;;"Not Set";"CMS";"Ours";"3";"No";;;;;"Eight";"2";"0";"Unknown";"Not Set";;;"23";"160";"Unknown";"Not Set";;;"142";"180";"Unknown";"Not Set";;;"26";"200";"Unknown";"Not Set";;;"6";"200";"Unknown";"Not Set";;;;;;;;;;;;;;;;;;;;;;;;;;
186;Wed  12 Oct 2016 12:50:36 +0200;"DAQ";"Data";"733778";"GIFPP_STRIP_22";"Not Set";;"Not Set";;;;;"Not Set";"CMS";"Ours";"3";"No";;;;;"Eight";"2";"0";"Unknown";"Not Set";;;"23";"160";"Unknown";"Not Set";;;"142";"180";"Unknown";"Not Set";;;"26";"200";"Unknown";"Not Set";;;"6";"200";"Unknown";"Not Set";;;;;;;;;;;;;;;;;;;;;;;;;;
187;Wed  12 Oct 2016 12:54:06 +0200;"DAQ";"Data";"733779";"GIFPP_STRIP_22";"Not Set";;"Not Set";;;;;"Not Set";"CMS";"Ours";"3";"No";;;;;"Eight";"2";"0";"Unknown";"Not Set";;;"23";"160";"Unknown";"Not Set";;;"142";"180";"Unknown";"Not Set";;;"26";"200";"Unknown";"Not Set";;;"6";"200";"Unknown";"Not Set";;;;;;;;;;;;;;;;;;;;;;;;;;
188;Wed  12 Oct 2016 13:41:30 +0200;"DAQ";"Data";"733780";"GIFPP_STRIP_22";"Not Set";;"Not Set";;;;;"Not Set";"CMS";"Ours";"3";"No";;;;;"Eight";"2";"0";"Unknown";"Not Set";;;"23";"160";"Unknown";"Not Set";;;"142";"180";"Unknown";"Not Set";;;"26";"200";"Unknown";"Not Set";;;"6";"200";"Unknown";"Not Set";;;;;;;;;;;;;;;;;;;;;;;;;;
189;Wed  12 Oct 2016 13:47:58 +0200;"DAQ";"Data";"733781";"GIFPP_STRIP_22";"Not Set";;"Not Set";;;;;"Not Set";"CMS";"Ours";"3";"No";;;;;"Eight";"2";"0";"Unknown";"Not Set";;;"23";"160";"Unknown";"Not Set";;;"142";"180";"Unknown";"Not Set";;;"26";"200";"Unknown";"Not Set";;;"6";"200";"Unknown";"Not Set";;;;;;;;;;;;;;;;;;;;;;;;;;
190;Wed  12 Oct 2016 13:51:27 +0200;"DAQ";"Data";"733782";"GIFPP_STRIP_22";"Not Set";;"Not Set";;;;;"Not Set";"CMS";"Ours";"3";"No";;;;;"Eight";"2";"0";"Unknown";"Not Set";;;"23";"160";"Unknown";"Not Set";;;"142";"180";"Unknown";"Not Set";;;"26";"200";"Unknown";"Not Set";;;"6";"200";"Unknown";"Not Set";;;;;;;;;;;;;;;;;;;;;;;;;;
